1212,1202,1215,1201,1213,1205,1202,1214,1209,1223
1207,1201,1213,1205,1202,1214,1209,1223
1221,1213,1201,1208,1202,1205,1211,1200
1216,1201,1222,1214
1205,1219,1223
1214,1214,1208,1207,1214,1201,1219,1211
1209,1219,1201,1200,1219,1203,1206,1203,1221,1214
1216,1201,1203,1212,1218,1206,1210
1215,1209,1204,1223,1205,1222,1202,1206,1209
1207,1211
1221,1221,1218,1207,1218,1220
1215
1211,1216,1218,1202,1203,1211,1211,1205,1221
1219,1214,1201,1212,1211,1208,1209,1219
1205,1209
1222,1212,1202,1223,1222,1204,1206,1211
1206,1211,1202,1207,1220,1206,1200
1212,1224,1201,1217,1218,1208,1224,1207,1214,1202
1205,1212,1218,1210,1221,1206,1200,1205,1223,1223
1210,1204
1216,1215,1223,1215,1202,1221
1218,1217,1206,1224,1222,1213,1208,1217
1224,1222,1201,1222,1220,1201,1202,1224
1207,1216,1209,1221,1221,1201
1218,1204,1217,1204,1204
1208
1224,1212,1214,1207,1219,1210,1219,1209
1210,1205,1219
1213,1222,1216
1219,1220,1221,1217,1224,1200,1203,1208,1215
1202,1214,1222,1200
1212,1210,1206,1214,1216,1213,1218,1205
1212,1222,1219,1212,1218,1220,1211
1218,1224
1213,1218,1222,1224,1224,1220,1222
1205,1223,1212,1222,1221,1222,1224,1203,1205
1223,1211,1210,1209,1222,1212,1222,1213,1210,1208
1206,1218
1221,1212,1219,1203,1220,1203,1201
1223,1210,1213,1212,1215,1204
1213,1214,1210,1219,1209,1220,1220,1208,1208,1215
1201,1217,1218,1213,1220,1220,1206,1216,1207
1200,1208,1210
1205,1201,1215
1219,1214
1212,1224,1221
1200,1209,1219,1205,1221,1213,1204,1221,1223
1201
1203,1218,1213,1218,1206,1211,1217,1206,1224
1207,1205,1222,1216,1205,1200,1206,1220,1211
1220,1215,1206,1208,1219,1222,1216,1206,1203
1217,1217,1219,1209,1208,1209
1211,1205,1210,1213,1205,1216,1219,1208,1215,1224
1221,1215,1217
1206,1221,1221,1200,1224
1202,1221
1212,1206
1200,1220,1214,1202,1204,1223,1219,1216,1208
1211,1204,1204,1222,1207,1208
1202,1206,1220,1215,1221,1209,1224,1204
1202,1209
1201,1216,1223,1224,1205,1208,1205,1206,1222,1211
1212
1200,1212,1214
1200,1203,1212,1224,1212,1205,1216,1217,1208,1210
1216,1223,1204,1206,1215
1217,1222,1216,1221,1222,1216,1208,1200,1222
1216,1222
1221,1203,1215,1206
1217,1211,1206,1204,1218,1209,1221,1202,1213
1202,1219,1215,1205,1210,1201,1220,1222
1207
1212,1211
1218,1210,1218,1201,1216,1206,1207,1203
1216,1218,1201,1222,1203,1205,1218,1205,1206
1211,1200
1206,1209,1214,1207,1207
1209,1224,1212,1212
1205,1203,1216,1224,1220,1223,1218,1217,1220,1215
1221,1213,1203,1217,1213,1221,1218,1205,1224
1203
1208,1224,1209,1215,1222,1214,1221,1210
1214,1222,1211,1222,1218,1201,1207,1221
1221,1201,1213,1219,1213
1207,1222,1219,1210,1214
1216,1204,1215,1208,1219,1220
1214,1201,1216,1213,1222
1211,1210,1222,1218,1217,1218,1222,1218
1209,1202,1218,1208,1207,1210,1220
1218,1222,1215,1200,1207,1202,1223,1201,1209,1205
1217,1207,1214,1219,1200
1204,1206,1220,1221,1215,1207,1216
1219,1211,1211,1216,1201,1218,1215,1206,1205
1218,1211
1210,1205,1205
1208,1200,1214,1210,1218,1212,1217,1222
1203,1203,1200
1224,1213,1207,1200,1202,1220,1206
1205,1223,1219,1201,1223,1220,1201
1223,1214,1223,1224
1220,1218
1221,1219,1207,1214
1217,1222,1209,1205,1210,1214,1218,1205,1212,1213
1221,1211,1212,1203
1201
1211,1211,1202,1217,1201,1210,1207,1218
1221,1200,1223,1204,1210,1224,1212
1203,1212,1201,1205,1210,1216,1202,1207,1212
1208,1211,1223,1204,1203,1217
1215
1219,1201,1207,1219,1205,1219,1212,1206,1214
1219,1214
1218,1209,1219,1221,1211,1221,1206,1207,1206,1200
1213,1214,1213,1213,1214,1208
1213,1207,1213
1206,1206
1204,1224,1212,1213,1217,1217,1224
1205,1219,1206,1222,1223,1203,1207,1215,1224
1223,1214,1209,1224
1211,1223,1220,1210,1201
1223,1209,1208,1217,1217
1215,1206,1214,1211,1211,1208,1217,1200,1215
1224,1200,1207,1208,1206,1220,1207
1221,1217
1209,1210,1217
1205,1205,1201,1224,1206,1203,1223
1207,1211
1218,1215,1200,1205,1222,1220,1203
1201,1200,1214,1208,1214,1211,1215,1224,1208,1205
1218,1201,1200,1219
1224,1223,1208,1203,1224
1210,1224,1208,1209,1203,1220,1209,1205,1216,1211
1210,1210,1201,1220,1206,1205,1215
1220,1206,1213,1214,1219
1201,1211,1211
1223,1222,1203,1200,1216,1202
1200,1201,1216,1218,1215,1204
1223,1211,1203,1212,1201,1212
1222,1203,1212,1206,1214
1224,1208,1200,1201,1209,1205,1218
1209,1203,1217,1224,1222,1222,1221,1213,1209
1208,1209
1212
1208,1200,1218,1219,1223,1203,1217,1219
1215,1220,1222,1201,1203,1217,1201,1213,1207
1200,1207,1213
1212,1221,1224,1213,1202
1224
1214,1202,1213,1214,1214,1216
1210,1220,1208,1206,1224,1221,1205,1205,1214
1220,1212,1213,1204,1223
1220
1204,1208
1212,1210,1202,1217,1209,1210
1202,1210,1207,1214
1210,1217,1213,1201,1200,1204,1210
1216,1224,1208
1208,1212,1220,1204,1222,1221,1221,1209
1207,1212
1217,1206
1214,1215,1222,1203,1215,1223,1214,1213,1200
1220,1211,1219,1210,1224,1200,1200,1217,1211,1217
1216,1209,1216,1202,1218,1203,1215,1210,1214
1213,1218,1202,1200,1200,1222,1217,1214,1205,1222
1211
1205,1202
1208,1213,1207,1214,1200,1214,1212,1223,1207,1222
1207,1218,1217,1201,1208,1213,1209,1209
1218,1206,1221,1205,1212,1218,1218
1217,1206,1214,1202,1201,1217
1223,1206,1215
1211,1212,1215,1205,1219,1223
1216,1210,1215,1203,1224,1215,1202,1207,1219,1202
1216,1200,1211
1223
1209,1209,1224,1216,1224,1208,1216,1220,1213
1205,1209,1223,1206,1207,1218
1208,1219,1202,1204
1212,1203,1206,1222,1223
1207,1208,1210,1207,1203,1221
1209,1201,1204,1222,1208,1223
1214,1209,1220,1210
1204,1213,1222,1219,1205
1220,1208,1220,1221,1203,1204,1208,1221
1220,1213,1202,1203,1200
1218,1214,1212,1210,1219,1218,1220
1219,1208,1215,1224,1221
1215,1221,1211,1203,1215,1222,1222
1208,1208,1214,1205,1223,1219,1209
1204
1211,1203,1222,1212,1217,1206,1209
1207
1203,1203,1220,1222,1214,1202,1212,1217,1224,1217
1211,1222,1211
1205
1209,1221,1223,1211
1211,1206,1201,1207,1218,1223,1212,1204
1214,1224,1210,1202
1203,1212,1214,1212,1214,1211,1220,1208
1213,1215,1207,1206,1212,1222,1224,1212,1216,1207
1214,1222,1224,1211
1203,1203,1200,1200,1205,1218,1201
1221,1221,1221,1201,1206,1215,1222
1216,1213,1214,1220,1217
1215,1211,1204,1203,1219,1204,1200
1217,1203,1202,1204,1205,1211,1206,1214,1218
1221,1203,1207,1212,1206,1206
1221,1218,1209,1205,1215
1222,1222,1220,1206,1202
1209,1203,1221,1223,1205,1202,1219,1210,1212,1219
1205,1214,1206,1203
1212,1213,1211,1202,1211,1215,1202,1224
1222
1211
1206,1220,1206,1200,1214,1205,1216,1202
1212,1214,1215,1214,1207,1201,1203,1215
1202,1203
1204
1210,1218,1218
1200,1201,1212,1212,1214,1202,1206
1214,1200,1220
1217,1200,1207,1206,1205,1200
1217,1213,1200
1219,1208,1200
1216,1220
1203,1202,1224,1203,1218,1218
1223,1219,1222,1221
1212,1200,1212,1220
1215,1204,1200,1211,1203,1200,1205,1224
1219,1215,1200,1219
1219,1200,1222
1214,1213,1204,1207
1200
1209,1213,1209,1210,1205,1204,1217,1202
1224,1219,1212,1224,1202,1212,1208,1209,1206,1209
1212,1204,1205,1223,1213,1207,1213,1215,1213,1204
1222,1222,1214,1211,1203,1211
1223,1211,1223,1213
1202,1210,1204
1215,1220
1219,1207,1202,1218,1221,1217,1222,1215
1205
1215,1207
1208,1209,1207,1210,1220
1213,1211,1210,1211,1202
1220,1206,1220,1217,1203
1201,1202,1224,1223,1212,1211,1216
1206,1208,1224,1215,1219,1206,1210,1213,1224,1222
1219,1206,1212
1201,1220,1220,1222,1218,1204,1217,1218,1203,1214
1206,1224,1210,1217,1223
1206,1212,1206,1222,1209,1218,1213,1213,1224,1220
1215,1217,1201,1217,1210,1222,1215
1216,1218,1211,1204,1202,1221,1207,1202,1201,1211
1216
1220
1210,1213,1215,1221,1203,1224,1212
1210,1219,1217
1218,1200,1217,1216,1201,1216,1212,1219,1224,1205
1207,1211
1217
1221,1214,1222,1210,1205,1221,1207
1215,1217
1204,1220,1218,1222,1218,1217,1204,1201,1208,1205
1209,1202,1209,1215,1219
1201,1207
1206,1217,1213,1223,1222,1217,1223,1214,1224
1218,1207,1212,1217
1222,1214,1211,1207,1223,1207,1202,1216,1222,1205
1217,1200,1224,1213,1219
1217,1206,1209,1217,1217,1206,1200
1209,1202,1224,1218,1206,1212
1200,1210,1221,1205,1207,1216
1203
1209,1208,1216,1216,1213
1206,1216,1224,1224,1212,1221
1223,1223,1214,1214
1208,1206,1224,1220,1215,1204,1221,1215
1216,1219,1223,1213,1207,1211,1213,1212,1213
1201,1217,1209,1216,1217,1212,1219
1203,1208,1210,1216,1201,1210,1207,1200,1200,1214
1221,1202,1215
1213,1211,1203,1205,1215,1220,1211,1204
1201,1219
1214
1221,1208,1207,1207,1220,1211,1213,1209,1212
1209
1211,1206,1216,1222,1223,1207,1211
1202,1207,1223,1212,1220,1220,1215,1215,1217
1211,1216,1221,1216,1206
1202,1205,1207,1211,1222,1219
1215,1217
1219,1201,1201,1219,1217,1212,1210,1206,1218,1218
1205,1202,1209
1212,1222,1222,1209,1205,1203,1211,1205
1212
1208,1204,1201,1220
1203,1222,1219,1203,1220,1211,1217,1210
1221,1205,1208,1209,1220
1212
1211,1209,1222,1218,1224,1201,1202,1204,1211,1207
1209,1223,1203,1217,1203,1210,1203
1210,1216,1212,1209,1201
1220,1220,1223,1205,1215,1223,1219,1215
1203
1220,1215,1221,1202,1223,1202
1220,1213,1211,1200,1221
1222,1220,1209,1213,1201,1223,1218,1222,1215,1202
1222,1224,1211,1218,1222,1215,1212,1202,1216,1202
1224,1217,1208,1217,1221
1221
1224,1221,1208,1202,1213,1220,1212,1212,1222,1212
1206,1223,1218
1217
1215,1222,1219,1205,1200,1221,1214,1211
1214,1217
1219
1210,1217,1221,1207,1208,1200,1212,1206
1215,1203,1217,1212,1211,1207,1213,1217,1220,1204
1222,1213,1220,1210,1221,1205,1224,1216
1201,1208,1200,1200,1221,1211,1207,1224,1203
1222,1215,1217,1204,1209
1223,1205,1207,1200,1205
1203,1205,1214
1215
1214,1215
1220
1218
1200,1204,1222,1208,1222,1201
1221,1218
1204,1206,1214,1203,1202,1212,1201,1205,1208
1216,1215,1201,1200,1220,1218
1205,1209,1224,1212
1209,1216,1221,1223,1211,1216,1216,1212
1211,1204
1222,1203,1218,1205,1210,1224
1216,1222,1200,1215,1203,1210,1201,1203
1212
1222,1201,1222,1208,1219,1204
1216,1221,1220,1212,1209,1219
1205,1220
1205,1220,1216,1207,1200,1202
1211,1204,1221,1206,1201,1219,1217,1202,1213
1223,1201,1211,1223,1207,1205,1223,1208,1210
1220,1220
1200,1216,1211,1203,1200,1202
1224,1212,1202,1223
1205,1207
1211,1217
1223,1224,1224,1201,1222,1219,1209,1220,1202
1202
1206
1209,1209,1201,1213,1203,1217,1223,1205,1209
1207,1205,1211,1224
1219,1210,1206,1203,1206,1220,1218,1211
1208,1217,1207,1206
1222
1211,1222,1224,1217,1214,1205,1214,1223,1224
1209,1206,1202,1207,1218,1224,1218
1203,1208,1212,1220,1201,1204,1206
1214,1221
1207,1202,1222,1204,1212,1217,1211
1215,1220,1216,1216,1203,1223,1219
1204,1217,1203,1221,1208
1213,1213,1224
1209,1220,1205,1222,1222
1202,1210,1207,1202,1218,1211,1221,1213
1202
1202,1219,1204,1204,1200
1216
1204,1224,1221,1215,1204,1202,1219
1217,1209
1204,1208,1212,1222,1218,1218,1208,1221,1203
1220,1215,1223,1211,1219,1205,1215,1223,1200
1213,1200
1201,1209,1209,1220,1203
1212,1222,1205,1210,1202,1200
1221,1214,1220,1222,1207
1207,1216
1222,1211,1213,1201,1222,1217,1216,1219,1212,1223
1209,1200,1200,1206,1209,1202
1223,1222,1205,1216,1218,1220,1220,1224
1224
1209,1217,1207
1206,1224,1205,1208,1205,1218,1209,1217
1216,1211,1220,1220,1223
1224,1200,1202,1212,1216
1215,1201,1219,1217,1201,1214
1207,1216,1203,1212,1205,1215
1214,1213,1215,1223,1207
1215,1202,1205,1222,1212,1214,1216,1206,1219
1217,1205,1218
1219,1219,1208,1214,1218,1216,1218,1212
1202,1200,1209,1216
1209,1207,1210,1221,1205
1208,1212,1217,1216
1214,1221,1206,1213,1218,1215
1203,1208,1205,1221,1202,1213
1208,1223,1211,1211,1220,1201
1207,1211,1208,1215,1211
1205
1223,1222,1213,1216,1209
1204,1208,1200,1202
1224,1219
1215
1208
1204,1223
1213,1203,1218,1200
1207,1212
1200,1215,1222,1209,1202
1211,1207,1200,1206,1202,1216
1221,1209,1216,1207,1213,1223,1203,1200,1216,1218
1203,1212,1207,1214,1207,1223,1213,1204,1204
1203,1207
1215,1202
1222,1200,1208,1212,1224,1200,1212,1216,1206,1223
1211,1222
1209,1210,1216,1222
1205,1204,1220,1222,1213,1213
1206,1209
1223,1206,1221,1205,1215,1219,1206,1201,1216
1221
1204,1205,1207,1212
1215,1221,1209,1223
1211,1206
1219,1213
1208,1206,1220
1200,1220,1222
1204,1224,1214,1220,1224,1221,1219,1210,1219,1204
1213,1218,1224,1217,1221,1214
1207,1205,1204,1201,1206,1222,1218,1224
1222,1212,1200,1206,1213,1207
1209
1202,1204,1200,1204,1219,1205
1219,1208
1218,1221,1210,1207,1213,1203,1207,1224
1223,1224,1202,1220,1214,1217,1220
1207,1220,1212,1200,1207,1200,1202,1208,1216,1222
1223,1219,1211
1220,1222,1223,1209,1211,1224,1220,1207,1209
1217,1203,1212,1209,1219,1214,1200,1211,1205,1205
1211
1205,1215,1200,1204,1219,1203,1213
1217,1204,1222,1215
1209,1212,1212,1210,1216,1205,1212,1206,1211
1207,1219
1222,1210,1220,1200,1224,1220
1211,1212,1215,1216
1212,1210,1201,1221,1205,1202,1216,1205,1222,1202
1221,1208,1208,1219,1200,1214,1219,1224,1221
1208,1218,1202,1209
1200,1210,1203,1210,1202
1221,1200,1208,1214,1218,1205,1205,1206
1221,1220,1209,1214,1201,1207,1215,1211,1220
1218,1211,1213,1217,1209,1213,1219,1218,1219,1224
1218,1205,1215,1224
1203,1206,1201,1204,1204,1201
1220,1208,1204,1217,1223,1222,1206
1214
1213,1220,1205,1206
1211,1216,1214,1201,1219
1205,1205,1222,1215
1221,1219,1213,1210,1221,1215,1205,1222,1212
1209,1214,1206
1208,1203,1220,1208,1209,1207,1210,1220,1219
1202,1206,1200,1200,1205,1219,1204,1220,1219,1212
1215,1200,1205
1209,1210,1217,1216,1206,1210,1218,1211,1211,1218
1220,1222,1200,1222,1204,1205
1211,1222,1203
1203,1201,1220,1214,1222,1224
1216,1218,1200,1209,1209,1221,1222
1212
1217,1221,1202,1208,1223
1210,1203,1220,1204,1222,1218,1213
1223,1207,1222
1221,1224,1211,1219,1205,1213
1202,1208,1213,1210,1221,1200,1205
1214,1221,1212,1201,1216,1204,1208,1217,1203,1212
1221
1209,1208,1205,1216,1201,1204,1217,1207
1205,1201,1221,1204,1223
1208,1207,1203,1216,1211,1224
1215,1215,1212,1203,1214,1211,1208
1201,1202,1205,1207,1216,1207,1223,1223
1211,1203,1223,1220,1207
1202,1203,1217,1209,1214,1213
1209,1214,1201,1210,1202,1219,1209,1208
1215,1201,1221,1203,1200,1200,1218,1214,1224,1221
1202,1208,1213,1210,1222,1201,1210,1207
1222,1214,1222,1224,1208,1218
1217,1204,1216,1217,1215,1202,1215,1211,1223
1220,1205,1213,1212,1206,1203,1215
1202,1223,1214,1223,1202,1213,1215
1222,1203,1204,1204,1208
1223,1210,1222
1215,1207,1218
1214,1218,1212
1206,1208,1221
1224
1221,1222,1211,1212,1217
1200,1208
1218,1212,1200,1216,1221
1218,1222
1218,1222,1207,1222,1216,1207,1205,1213
1219,1217,1203
1200,1204,1215,1216,1201,1211,1214,1210
1200,1203,1213,1214,1206,1222,1213,1209,1223
1210,1200,1208,1224,1203,1204,1206,1203
1216,1223,1214
1214,1215,1223,1216
1220,1220,1212
1202,1208,1223,1216,1204,1222
1208,1209,1221,1224,1212,1204,1205,1222,1222
1208,1216
1205,1203
1200,1210
1218,1222,1212,1201,1218,1221
1221,1216,1217,1222,1201
1218,1211,1224,1200,1211,1202
1213,1208,1221
1204,1207,1214,1221,1205,1209,1212
1213,1219,1212,1201,1222,1215,1222,1206,1215,1212
1219,1211,1206,1203,1213,1222
1220,1208,1215,1207,1214,1201,1218,1219,1213
1204,1206,1219,1200,1220,1210
1220,1203,1213,1210,1207
1217,1220,1209,1200
1217
1214,1202,1217,1210,1215,1219,1224,1217,1211,1202
1216,1213,1211,1209,1205,1222,1224,1202,1221,1206
1210,1207,1220,1206,1214,1220,1222,1216,1200
1213,1218,1222,1204,1210,1219,1206,1223
1205,1223,1201,1218,1224,1218,1207,1211,1215
1218,1213
1212,1220
1218,1207
1215,1212,1200,1204,1206,1224,1207,1206
1221,1219,1206,1209,1200,1206,1224,1211,1215
1215,1210,1203,1211,1210,1224,1224,1214,1220
1212,1202
1207,1212,1214,1224,1215,1208,1203,1202
1202,1220,1223,1205,1214
1206
1212,1221
1219,1218
1224,1205,1216,1213,1207
1200,1218,1210,1202,1214,1210,1202,1219,1217
1221,1219,1208,1203,1208,1214
1224,1200,1208,1223,1213,1202,1211,1224
1220,1218,1217,1212,1221
1204,1216,1224,1216
1211,1205,1211,1223
1212,1219,1210,1206,1212,1206,1205,1213,1219,1203
1223,1215,1215,1223,1211
1212,1223,1201,1210,1210,1219,1214,1220,1202,1214
1208,1222,1218,1204,1211,1222,1209,1214
1216,1215,1222,1207
1205,1211,1207,1210,1223,1216
1211,1220,1204,1205,1216,1221,1210,1217,1200,1217
1202,1207,1219,1211,1214,1210,1201
1220,1220,1221,1213,1204,1203,1212
1223,1208,1220,1222,1205,1210,1201
1209,1206,1215,1207,1213,1204,1205,1214,1204,1223
1211,1202
1216,1215,1218,1214,1209,1223,1200
1222,1202
1203,1209,1215,1221,1214
1219,1210,1223,1222,1220,1221,1210,1205
1221,1216,1220,1205,1211
1224
1202,1222,1213,1219,1202,1212
1212
1208,1204,1203,1219
1212,1214,1204,1218,1219
1219,1219,1216,1223,1211
1207
1206,1203,1204,1204,1207
1219,1204,1200
1200
1217,1207,1201,1210,1212,1201,1211
1223,1200,1223,1206
1201,1200,1215,1214,1205,1210,1216,1204,1204
1205,1214,1210,1212,1203,1207
1222,1204,1202,1203,1216,1214
1215,1210,1205,1213,1202
1212,1221,1216,1208,1216,1204,1207,1218,1203
1201
1207
1205,1223,1218,1200,1222,1207,1204
1202,1205,1209,1218,1204
1211,1221,1222,1218,1206
1212,1205
1202,1201,1215,1203,1205,1204
1208,1216,1214,1220,1224,1217,1204,1215,1209
1221,1211,1214,1207,1224,1216
1218,1206,1201
1203,1219,1219,1223,1210,1207,1206
1208,1200,1208,1214,1216,1217
1218,1214,1201
1205,1221,1208,1220,1201
1204,1207,1209,1211,1216,1207,1210,1219,1205,1217
1201,1207,1209,1217
1200,1211,1214,1217,1212,1212,1206,1214
1222,1208,1217,1220,1223,1205,1200,1212,1223
1205,1219,1207,1218,1207
1202
1223,1212,1201,1201,1215,1224,1212,1214,1207,1212
1201,1216,1211,1218
1217,1206
1205,1203,1217,1202,1216,1206
1223,1202,1224,1214,1219,1205
1217,1211,1214,1203,1211,1214,1204,1222,1217,1204
1221,1210,1224,1205,1200,1201
1208,1213
1206,1206,1211,1213
1221,1201,1209,1200
1219,1203,1208
1215,1204,1207,1203,1201,1210,1200,1200,1210,1209
1205,1216,1217
1203,1215,1201,1213,1215,1210,1213,1218,1202,1214
1214,1203,1224,1224,1210
1205,1215,1218,1223,1219
1200
1216,1209,1220,1216,1217,1204,1212
1214,1219,1215,1200,1219,1209,1203,1209,1221,1204
1207,1215,1208
1219,1223
1221
1221,1200,1220,1209,1224,1210,1221,1207,1222
1208
1207,1217,1215,1210,1203,1205,1220,1222,1206,1221
1219,1203,1205,1209
1213
1220,1213,1208
1218,1204,1206
1209,1213,1213,1213,1224,1219,1204
1223,1206,1201,1208,1200,1215,1201,1213,1202
1220,1220,1200,1218,1216,1223,1210
1223,1207,1215,1220
1215,1213
1200,1209,1209,1200,1204,1211
1220,1215,1211,1206,1207,1223,1220,1209
1221
1214,1223
1200,1202,1218,1215,1205,1208,1222,1212,1215
1209,1211,1206
1217,1222
1214,1223
1200,1202
1218,1201,1211,1209
1206,1216,1206,1215
1213,1215,1201,1217,1217
1211,1215,1218,1218,1213,1208,1202,1221,1206,1222
1202
1216,1205,1217,1223,1223,1220,1210,1202,1204
1207,1216,1205,1209,1220,1220,1207
1201,1205,1207
1216,1222,1215,1209
1205
1206,1221,1210,1214,1218
1214,1217,1214,1218,1222,1223,1215,1216,1221
1217,1216,1219,1202,1209,1216,1205
1223,1208,1201,1216,1207,1200,1209,1214
1208,1223,1213,1201,1210,1217,1201,1212,1223
1209,1214,1210,1205,1216,1210
1204,1204
1200
1202,1217,1206,1201,1210,1213,1208,1200,1210,1213
1213,1216,1205,1206,1219,1217,1211,1200
1222,1210,1217,1219,1203
1215,1206,1223
1206,1218,1202,1220,1210,1215,1204,1224,1201,1214
1215,1207,1221,1221,1201,1214,1224
1221,1211,1212,1206
1224,1214,1209,1207,1219,1203,1223,1212,1221
1218,1208,1203
1208,1205,1200,1212,1206,1216,1221,1219,1213
1204,1223
1222,1214,1224,1218,1215,1218
1216,1217,1200,1202,1203,1222,1201
1224,1220,1213,1204,1220,1213,1213,1203,1201,1206
1206,1203,1212
1217,1222,1202,1207,1217,1224,1222,1219
1212,1211
1208,1212,1219,1208,1219,1209,1200,1209,1202,1202
1224,1211,1216,1209
1224,1211,1215,1212,1200,1219,1212
1209
1218,1202,1215,1218
1215
1215,1201,1200,1203,1207,1219,1204,1215,1211,1223
1205,1218,1214,1219,1206
1212,1222,1215,1220,1208,1208,1200,1206
1206,1213,1204,1206,1202
1203,1214
1219,1204,1216,1223,1209,1217
1224,1205,1206,1204,1205,1223,1220,1213,1203,1216
1217,1218,1205,1201,1219,1219
1216,1216,1202,1205,1224
1214,1208,1216,1212,1203
1221,1223,1204,1201,1200,1216,1219
1202,1202
1207
1201,1205,1214
1203,1210,1211,1213,1220,1205,1222,1224
1211,1209,1216,1204,1215,1205,1205
1220,1216,1205,1210,1220,1203,1212,1212
1222,1201,1209,1216,1216,1221,1224,1203,1216,1206
1221,1215,1224,1217
1220,1224
1217,1222,1214,1205,1213,1200,1220,1217,1219
1209,1200
1211,1214
1206,1222,1224,1215
1205
1216,1222,1207,1218,1221,1209
1210,1215,1202,1221,1201,1218,1208,1204,1204
1203,1206,1215,1211,1206,1208,1202,1224,1209
1208,1224,1224,1203,1200,1220,1219
1220,1201,1216,1203,1201
1222,1219,1224,1204,1221,1208
1217,1210,1209,1202,1200,1203,1215,1213
1222,1207,1206,1214,1213,1217,1222,1217,1201,1201
1205,1202,1204,1214,1224,1207
1214,1205,1212,1209,1216,1223,1215,1213,1201,1204
1219,1206,1217,1208,1208,1217,1211,1221,1202
1220,1221,1218,1210,1201,1201,1208,1214
1218
1215
1217,1220,1218,1213,1205,1209,1214
1222,1212,1220,1221,1204,1201
1217,1206,1200
1222,1200
1210,1207,1213,1215,1212,1215,1210
1220,1218,1203,1220,1208,1224,1222,1211
1211,1221,1212,1210,1217,1209,1211,1204,1209,1208
1212,1215,1211,1204,1213,1213,1210
1204,1203,1213,1205,1206,1217,1214,1223,1209,1205
1221,1217
1215
1208,1203,1217,1204,1204
1212,1219,1211,1224
1202,1219,1219,1209
1219,1222,1206,1211,1206,1201,1206,1210,1220
1209,1219,1215
1201,1220,1212,1209,1213,1216,1208,1200
1221,1219
1202,1218,1209,1203
1216,1214,1209,1224,1212,1204,1214
1223,1209,1209
1223
1217,1209,1222,1223,1203
1217,1215,1205
1219,1201,1222,1205,1211
1202,1213,1221
1216,1224,1224,1217,1224,1207
1212,1221,1205,1201,1220,1205
1216,1211,1208,1211,1217,1207
1216
1201,1210,1210,1223,1201,1213,1211,1211,1212
1210,1206,1209,1217,1210,1216
1211,1201,1204,1214,1224
1209,1212,1219,1216,1202,1218
1223,1208,1216,1211,1203,1209
1224,1215,1207,1214,1224,1217,1206,1220,1207
1220,1215,1209,1212,1202,1219,1222,1224
1203,1201,1200,1213,1222,1200,1222,1216
1214,1222,1201,1222,1220,1213
1215,1201,1209,1214,1219,1218,1216
1219,1218,1210,1207,1223,1201,1219,1221,1204
1209,1209,1219,1224,1207,1206,1223,1205,1220,1206
1209,1216,1207,1224,1219,1224,1216
1217,1222,1217,1206,1202
1222,1218,1214,1203
1204,1207
1222,1207,1203,1209,1216,1201,1212,1207
1219,1210,1215,1203,1203,1212
1202,1208,1216
1200,1202,1211
1211,1206,1208,1220,1202,1221
1204,1218,1209,1218,1220,1215,1214,1215
1205,1200,1206,1203,1224,1207
1224,1207
1202,1220,1207,1204,1216,1220,1217,1202
1207,1213
1205,1208,1216,1206,1207,1221,1206,1200,1213,1223
1212,1219,1213,1206,1212,1207,1218,1219,1207,1212
1220,1219,1207,1215,1224,1209,1206,1204,1203,1222
1200,1217,1215,1208,1221,1223,1221,1209,1208
1221,1200,1208,1210,1212,1208,1205,1214,1201,1207
1210,1221,1218,1202,1210
1211,1211,1219
1214,1206,1204,1201
1214,1220
1214,1209,1219
1221,1202,1217,1224,1216,1222
1222,1216,1202,1201,1220,1219,1209,1201
1202,1202,1204,1210,1205,1207
1221,1217,1217,1221,1210
1222,1210,1214,1202,1216
1214,1217,1218,1213,1218,1205,1223
1212,1208,1207,1218,1201,1213,1220,1218,1214,1214
1211,1218,1205,1205,1200
1204,1223,1213,1203,1204,1211,1205,1224,1213,1210
1202,1209,1210,1210,1200,1207,1217,1204
1206,1224,1219
1215
1213,1203
1209,1209,1223,1205,1212,1207,1223,1204
1220,1201,1202,1209,1204,1208,1220
1208
1201,1216,1200
1205,1205,1212,1223,1216,1221,1217
1211,1217
1215,1202,1203,1221,1208,1205,1204,1209
1219,1200,1209,1217,1210,1224,1204,1223
1215,1200,1211,1214,1221,1215
1217,1224,1215,1210,1219,1217,1210
1204,1204,1204,1208,1216,1217,1217,1222
1205,1207,1208,1205,1210,1222,1210,1216
1209,1202
1212,1218,1204,1205,1214,1223
1203,1218,1222,1218,1215,1224,1210,1221,1216
1218,1200,1211
1215,1215
1206,1222,1218,1201,1214,1211,1214,1202,1204
1216,1224,1210,1216,1203,1224,1215,1203,1207,1220
1214,1207,1221,1219
1211,1213,1205,1205,1222,1223
1213,1209,1205
1207,1210,1223,1220,1206,1217
1221,1212,1213,1218
1221
1216,1203,1221,1214,1207,1205,1202,1208
1201,1200,1205,1207,1218
1200,1203,1210,1205
1207,1210,1212,1221,1207,1208,1210,1202,1202
1216,1203,1202,1207,1222,1224,1215,1202
1221,1211
1209,1220,1211,1207,1207,1221,1223,1203,1205,1202
1223
1213,1216,1204,1205
1208,1220,1220,1205,1209
1201
1223,1223,1213,1223,1206,1201,1214,1218,1205,1205
1203,1221,1206
1206,1223,1207,1201,1219,1224
1217,1208,1219,1208,1203,1207,1219,1206,1209
1222,1214,1218,1219,1205,1200,1207
1207,1213
1203,1203,1216,1211,1209,1201,1224,1200,1204,1204
1201
1212,1218,1221,1224,1219
1210,1219
1206,1214,1202,1206,1213,1205
1211,1211,1218,1200,1207,1215,1202,1220
1206,1223
1200,1206,1201,1202,1217,1204,1216
1216,1211,1208,1214,1208,1211,1207
1216,1222,1205,1224,1223,1205,1224,1219,1206,1203
1217,1214,1215,1222,1209,1206
1208,1204
1201,1207,1206,1223,1218,1202,1206,1201,1216
1223,1219,1219,1203,1200,1204,1224
1224,1216,1220,1209,1223,1203,1200,1208,1209,1214
1204,1214,1223,1224,1224,1207,1215,1207,1218
1223,1201,1217,1202,1212,1204,1223,1224,1210
1206,1208,1222,1223,1224,1205,1212,1202
1216,1217,1210,1206,1200,1220
1224,1220,1202,1213,1213,1213,1220
1213,1210,1218,1207
1220,1207,1211,1224,1214
1222,1217
1200,1207,1224,1208,1223,1214,1221,1202,1217,1204
1218,1223,1223,1209,1224,1221,1216,1211
1201,1209,1205,1206,1204,1200,1224,1200,1217
1221
1224,1203,1219,1221,1202
1202,1202,1205,1217,1224,1209,1209,1224,1219
1204,1218
1205,1201
1212,1215
1223,1205,1207,1220,1208
1215,1222,1205,1209,1216,1215,1207,1218
1207,1204,1201,1220,1219,1200,1220
1210,1201,1209,1216
1223,1216,1207,1210,1200,1223,1209,1208,1212,1218
1212,1200,1203,1202,1208,1204
1208,1223,1215,1215,1219,1214
1218,1200,1201,1212,1215,1204,1211,1206,1213,1207
1221,1223,1218,1200,1214,1213
1218,1212,1214,1203
1214,1222
1205,1206,1224,1203,1205,1217,1210,1213,1214
1201,1207,1204,1216,1209,1224,1217,1207,1202
1202,1222,1204,1203
1223,1217,1219
1221,1210,1221,1207,1222,1213,1222,1202
1217,1206,1204
1208,1221,1221,1215,1215,1219,1206
1224,1203,1206,1218,1203,1215,1220,1211,1200
1206,1203,1219,1210,1203,1217,1208,1215
1216,1201,1202,1200,1221,1202
1219,1218
1224,1218
1220,1222,1219,1219,1201,1201,1208,1220,1204
1219,1215,1221,1217,1219,1219
1210,1204,1210
1209,1218,1220,1203,1206,1224,1211
1219,1207,1216
1203,1209
1222,1215,1215
1215,1210,1210,1213,1213
1211,1221,1201,1210,1224,1210
1210,1224,1224,1210
1205,1211,1218
1221,1217,1206,1207
1212,1202
1213,1223,1217
1223,1217,1203,1200,1206
1207,1220,1205,1215,1207
1220
1223,1213,1200,1215
1224,1214
1214,1205,1213
1209,1207,1222,1201,1213,1209,1204,1201,1210
1221,1200,1223,1224,1220
1207,1217,1212,1213,1206,1223,1210,1218,1220,1221
1219,1213,1212,1216,1224,1217
1219,1211,1204
1200,1216
1211,1224,1206,1222,1211
1208,1209,1218,1219,1220,1202
1202,1212
1210,1200
1207
1224,1201,1212,1220,1209,1218,1200
1214
1217,1220,1203
1223,1221,1224,1210,1222,1205
1213,1210,1211,1201,1209,1201,1224,1216,1202,1201
1206,1216,1222,1222
1220,1207,1224,1218,1212
1209,1200,1201,1221
1220
1204,1212,1223,1218,1201,1209
1211,1213,1220,1216,1211,1223,1210,1200,1218,1209
1212,1205,1210,1222
1202,1207,1200,1200,1202,1201,1202,1206,1216
1218,1215,1207,1208,1207,1220,1222,1208,1205,1205
1209,1200,1223
1220,1222,1201
1216,1204
1202,1215
1208,1201,1207,1209,1220,1224,1208,1220,1222
1207
1212,1202,1221
1217,1213,1218,1210,1222,1208,1212,1221,1224,1208
1215,1208,1202,1205,1209,1219
1211,1201,1210,1206,1223,1204,1201,1203,1223,1218
1201
1218,1217,1217,1223,1204,1202,1206,1214,1211,1219
1210,1204,1219,1204,1203,1220,1222
1210
1217,1216,1212,1205,1215,1213,1214
1215,1205,1217,1222
1204,1219,1214,1214,1215,1223,1210,1218
1224,1206,1222
1207
1211,1217,1201,1223,1204,1211,1206
1217,1222,1214,1214,1216,1219,1208
1214,1203,1215,1209,1203,1211,1202,1201,1217
1215,1216,1203,1209,1221,1213,1202,1212,1203,1202
1210
1219,1208,1212,1208,1221,1200
1216,1224,1212,1201,1216,1220,1202,1222,1205,1211
1222,1218
1224
1220,1211,1204,1212,1219,1204,1202,1221
1207,1218
1208
1205,1220,1221,1222,1200,1211
1211,1220,1204,1203,1223,1209,1224,1224,1219,1216
1200,1207,1218,1222,1223,1210
1202,1218
1200,1211,1204,1221
1207,1203,1218,1210,1213,1209,1220,1220
1214,1203
1204,1202,1202,1204,1215,1217,1206,1208
1221,1208
1214,1217,1222,1207,1202,1208
1215,1213
1203,1201,1203,1213,1222,1222,1221,1203,1213
1223,1205,1219,1211,1205,1211
1214,1215,1213,1204,1218,1206,1204
1208,1215,1221,1208,1206
1212
1222,1219,1201,1205,1213,1206,1223,1215,1201,1211
1203,1215,1219,1211
